                  epoch,         train/box_loss,         train/cls_loss,         train/dfl_loss,   metrics/precision(B),      metrics/recall(B),       metrics/mAP50(B),    metrics/mAP50-95(B),           val/box_loss,           val/cls_loss,           val/dfl_loss,                 lr/pg0,                 lr/pg1,                 lr/pg2
                      0,                 1.5937,                 3.2752,                 1.6885,                  0.004,                   0.96,                0.23415,                0.13766,                 1.0728,                 3.4368,                 1.3397,                 0.0964,                 0.0004,                 0.0004
                      1,                 1.5278,                 3.2081,                  1.621,                0.00417,                      1,                0.28324,                0.16952,                 1.0331,                 3.3258,                 1.2903,               0.091896,             0.00089554,             0.00089554
                      2,                 1.4212,                 3.0672,                 1.4924,                0.00417,                      1,                0.70643,                0.42983,                 1.0476,                 3.2173,                 1.2255,               0.087386,              0.0013861,              0.0013861
                      3,                 1.4592,                 2.8084,                 1.4619,                0.00417,                      1,                0.88115,                0.54891,                 1.0933,                 3.1167,                 1.1769,               0.082872,              0.0018718,              0.0018718
                      4,                 1.3659,                 2.5641,                 1.4309,                0.00417,                      1,                0.91659,                0.56271,                 1.1358,                 2.9547,                  1.146,               0.078352,              0.0023525,              0.0023525
                      5,                 1.3991,                 2.0733,                  1.339,                0.83757,                    0.8,                0.93561,                0.60424,                 1.1533,                 2.6397,                 1.1149,               0.073828,              0.0028282,              0.0028282
                      6,                  1.382,                 1.6987,                 1.3224,                0.87042,                   0.76,                0.93676,                0.58421,                 1.2356,                 2.3484,                 1.1473,               0.069299,               0.003299,               0.003299
                      7,                 1.3604,                 1.4866,                 1.2482,                0.87504,                0.84033,                0.93374,                0.50661,                 1.3643,                 2.3288,                 1.2809,               0.064765,              0.0037649,              0.0037649
                      8,                 1.3528,                 1.4659,                 1.2289,                0.95303,                0.81205,                0.94641,                 0.5685,                 1.3514,                  2.371,                 1.2242,               0.060226,              0.0042258,              0.0042258
                      9,                  1.309,                 1.3207,                 1.2162,                0.95459,                0.84094,                0.91058,                0.57745,                 1.2565,                 2.3264,                 1.2101,               0.055682,              0.0046817,              0.0046817
                     10,                 1.3842,                 1.3402,                 1.2602,                0.95781,                0.90841,                0.91107,                0.51188,                 1.4436,                 2.1773,                 1.2767,               0.051133,              0.0051327,              0.0051327
                     11,                 1.3148,                 1.2966,                 1.2703,                      1,                0.87765,                0.93763,                0.53031,                 1.4255,                 2.0443,                 1.2999,               0.046579,              0.0055787,              0.0055787
                     12,                 1.2268,                 1.2015,                  1.189,                0.99219,                   0.88,                 0.9749,                0.55028,                 1.4847,                 1.8546,                 1.3166,                0.04202,              0.0060198,              0.0060198
                     13,                 1.3879,                 1.1737,                 1.2802,                0.85795,                      1,                0.94694,                0.60808,                 1.3035,                 1.7214,                 1.1745,               0.037456,               0.006456,               0.006456
                     14,                 1.2829,                 1.1678,                 1.2714,                0.95756,                0.90302,                0.98033,                0.61932,                 1.3947,                 1.7078,                 1.2634,               0.032887,              0.0068872,              0.0068872
                     15,                 1.2205,                 1.0766,                 1.2017,                0.91191,                   0.72,                0.87428,                0.44039,                  1.726,                 2.1985,                 1.5301,               0.028313,              0.0073134,              0.0073134
                     16,                   1.43,                 1.2537,                 1.3278,                0.64339,                   0.16,                0.18099,                0.09091,                 1.6845,                 3.7144,                 2.3612,               0.023735,              0.0077347,              0.0077347
                     17,                 1.4048,                 1.2916,                 1.3162,                0.71684,                0.10408,                0.14996,                0.09707,                 1.6603,                 3.5274,                 2.3069,               0.019151,              0.0081511,              0.0081511
                     18,                 1.3665,                 1.1779,                 1.3301,                  0.002,                   0.48,                 0.0018,                0.00053,                 2.3841,                 4.1649,                 3.3761,               0.014562,              0.0085625,              0.0085625
                     19,                 1.3902,                 1.1909,                 1.3762,                0.71689,                0.10411,                0.20431,                0.09335,                 1.7471,                  3.599,                 2.2319,              0.0099689,              0.0089689,              0.0089689
                     20,                 1.3905,                 1.1641,                 1.2936,                0.69849,                   0.56,                0.55439,                0.31704,                   1.65,                 2.4316,                 1.6345,                0.00901,                0.00901,                0.00901
                     21,                 1.2526,                 1.1644,                 1.2668,                0.92145,                   0.44,                0.59592,                0.33112,                 1.7619,                 2.5303,                 1.6539,                0.00901,                0.00901,                0.00901
                     22,                 1.3187,                 1.2354,                 1.2805,                0.94724,                0.71824,                0.79138,                0.37289,                 1.7965,                 2.0679,                 1.5288,              0.0089605,              0.0089605,              0.0089605
                     23,                 1.3022,                 1.0485,                 1.2399,                0.85615,                0.71446,                0.83248,                0.44732,                 1.5929,                 1.7988,                 1.4171,               0.008911,               0.008911,               0.008911
                     24,                 1.3461,                 1.0905,                 1.2766,                0.66962,                   0.24,                0.50432,                0.26223,                   1.63,                 2.9769,                 1.8995,              0.0088615,              0.0088615,              0.0088615
                     25,                 1.3766,                 1.1304,                 1.2995,                0.69554,                   0.12,                0.27776,                0.14853,                  1.771,                 3.3264,                 2.1152,               0.008812,               0.008812,               0.008812
                     26,                 1.2617,                 1.0624,                 1.2471,                0.73193,                0.54655,                0.66878,                0.39912,                 1.4202,                 2.1167,                 1.4453,              0.0087625,              0.0087625,              0.0087625
                     27,                 1.2733,                  1.142,                 1.2744,                0.81263,                    0.6,                0.64614,                0.36544,                 1.5415,                  2.128,                 1.4843,               0.008713,               0.008713,               0.008713
                     28,                  1.308,                 1.0838,                 1.2431,                0.87291,                   0.88,                0.88577,                0.59056,                 1.2539,                 1.4226,                 1.2391,              0.0086635,              0.0086635,              0.0086635
                     29,                  1.335,                 1.0869,                 1.3005,                 0.9521,                0.79531,                0.90876,                0.54673,                 1.4069,                 1.4638,                 1.3203,               0.008614,               0.008614,               0.008614
                     30,                 1.1957,                 1.1706,                 1.2144,                0.94626,                0.70482,                0.78077,                 0.5003,                 1.5194,                  1.761,                 1.4239,              0.0085645,              0.0085645,              0.0085645
                     31,                 1.3277,                 1.1978,                 1.2786,                 0.2004,                0.20052,                0.09548,                0.05606,                 2.6832,                 3.1425,                  2.375,               0.008515,               0.008515,               0.008515
                     32,                 1.3392,                 1.1794,                 1.3179,                0.78923,                    0.8,                0.79744,                 0.4655,                 1.6539,                 1.5671,                 1.4721,              0.0084655,              0.0084655,              0.0084655
                     33,                 1.2381,                 1.0633,                 1.2117,                 0.8428,                   0.72,                0.78246,                0.44268,                 1.6607,                 1.4623,                 1.5142,               0.008416,               0.008416,               0.008416
                     34,                 1.2785,                 1.0205,                 1.2551,                0.85536,                0.71001,                 0.7655,                0.40002,                 1.7581,                 1.4626,                 1.6544,              0.0083665,              0.0083665,              0.0083665
                     35,                 1.3147,                 1.0664,                 1.2932,                0.78573,                   0.64,                0.68189,                0.35273,                 1.9412,                 1.7904,                 1.7434,               0.008317,               0.008317,               0.008317
                     36,                 1.4364,                 1.1206,                 1.3274,                0.85208,                    0.8,                0.86469,                0.49666,                 1.5517,                 1.3102,                 1.3979,              0.0082675,              0.0082675,              0.0082675
                     37,                 1.2075,                0.94398,                 1.2073,                0.89888,                   0.88,                0.92108,                0.48048,                 1.5576,                 1.3127,                 1.4654,               0.008218,               0.008218,               0.008218
                     38,                 1.2625,                 1.0215,                 1.2399,                0.95279,                0.80754,                0.96242,                0.48172,                 1.6323,                 1.2751,                 1.4418,              0.0081685,              0.0081685,              0.0081685
                     39,                 1.2582,                 1.0418,                 1.2372,                0.95533,                   0.88,                0.94322,                0.55293,                 1.5438,                 1.1827,                 1.4312,               0.008119,               0.008119,               0.008119
                     40,                 1.2648,                  1.009,                 1.2515,                0.94851,                   0.88,                0.97531,                0.60298,                 1.3807,                 1.1734,                 1.2107,              0.0080695,              0.0080695,              0.0080695
                     41,                 1.2428,                 1.0144,                 1.2333,                0.88831,                      1,                0.96148,                 0.5107,                 1.6313,                 1.1189,                 1.4217,                0.00802,                0.00802,                0.00802
                     42,                 1.2435,                  1.027,                 1.2228,                0.90027,                   0.88,                0.93017,                0.52523,                 1.4958,                 1.2937,                 1.3039,              0.0079705,              0.0079705,              0.0079705
                     43,                 1.2878,                 1.0844,                 1.2672,                0.90989,                   0.88,                0.92951,                0.53329,                 1.5602,                 1.1619,                   1.38,               0.007921,               0.007921,               0.007921
                     44,                  1.212,                 1.0077,                 1.2129,                      1,                0.95347,                0.99204,                0.59438,                 1.3701,                0.96023,                 1.2725,              0.0078715,              0.0078715,              0.0078715
                     45,                  1.224,                 1.0316,                 1.2446,                0.92277,                  0.956,                0.93489,                0.50657,                 1.5931,                 0.9975,                 1.4062,               0.007822,               0.007822,               0.007822
                     46,                 1.2053,                0.95485,                 1.2159,                0.89187,                   0.84,                0.88367,                0.57318,                 1.2688,                 1.1229,                 1.2324,              0.0077725,              0.0077725,              0.0077725
                     47,                  1.211,                0.94431,                 1.2494,                0.91025,                   0.84,                0.93886,                0.57158,                   1.38,                 1.0892,                 1.2412,               0.007723,               0.007723,               0.007723
                     48,                 1.2235,                 0.9618,                 1.2378,                0.84628,                   0.92,                0.94362,                0.56795,                 1.4333,                0.96446,                  1.254,              0.0076735,              0.0076735,              0.0076735
                     49,                 1.1542,                0.88713,                  1.197,                0.85699,                0.95886,                 0.9586,                0.60087,                 1.3061,                0.89671,                 1.1845,               0.007624,               0.007624,               0.007624
                     50,                  1.179,                0.94851,                 1.2154,                0.92279,                0.95626,                0.98108,                0.58503,                 1.3559,                0.90047,                 1.2337,              0.0075745,              0.0075745,              0.0075745
                     51,                 1.1796,                0.88018,                 1.2189,                0.97964,                   0.92,                0.98764,                 0.5961,                 1.3364,                0.87654,                 1.2959,               0.007525,               0.007525,               0.007525
                     52,                 1.1909,                0.89978,                  1.176,                0.98828,                   0.92,                0.98643,                0.61959,                 1.3388,                0.86671,                 1.3193,              0.0074755,              0.0074755,              0.0074755
                     53,                 1.1999,                0.97103,                 1.2273,                 0.9498,                   0.96,                0.98673,                 0.6162,                 1.3158,                0.85661,                 1.3005,               0.007426,               0.007426,               0.007426
                     54,                 1.1806,                 0.8693,                  1.198,                0.95986,                0.95659,                0.98513,                0.58123,                 1.4875,                 0.8732,                 1.3978,              0.0073765,              0.0073765,              0.0073765
                     55,                 1.1053,                0.83129,                 1.1885,                0.85829,                   0.92,                0.92901,                0.55657,                 1.4557,                0.99445,                 1.4412,               0.007327,               0.007327,               0.007327
                     56,                 1.2102,                 0.9094,                 1.2175,                0.89271,                0.99851,                 0.9369,                0.57574,                 1.3709,                0.94072,                 1.3624,              0.0072775,              0.0072775,              0.0072775
                     57,                 1.2415,                0.88285,                 1.2364,                0.85991,                   0.92,                0.90891,                0.51924,                 1.4447,                 1.0746,                 1.4397,               0.007228,               0.007228,               0.007228
                     58,                 1.1447,                0.88192,                 1.1935,                0.87181,                   0.92,                0.87752,                0.53634,                 1.4455,                 1.0498,                 1.4546,              0.0071785,              0.0071785,              0.0071785
                     59,                 1.0993,                0.92173,                 1.1935,                0.95803,                0.91321,                0.93299,                0.50645,                 1.5575,                 1.0786,                 1.5427,               0.007129,               0.007129,               0.007129
                     60,                 1.2034,                0.94652,                 1.2311,                0.93867,                   0.88,                0.92273,                0.55641,                 1.4206,                0.95417,                 1.4079,              0.0070795,              0.0070795,              0.0070795
                     61,                 1.1171,                0.85256,                 1.2096,                0.87858,                0.86867,                 0.9263,                0.52367,                 1.5357,                  1.015,                 1.5107,                0.00703,                0.00703,                0.00703
                     62,                 1.1477,                0.88526,                 1.2035,                0.90827,                   0.92,                0.92969,                0.51648,                 1.4913,                 1.0143,                 1.4447,              0.0069805,              0.0069805,              0.0069805
                     63,                   1.11,                0.83425,                 1.1921,                0.91717,                0.88608,                 0.9711,                0.59362,                 1.3213,                0.98996,                 1.2966,               0.006931,               0.006931,               0.006931
                     64,                 1.1585,                 0.8442,                 1.1966,                0.89637,                   0.88,                0.94056,                0.57533,                 1.4043,                 0.9881,                 1.3311,              0.0068815,              0.0068815,              0.0068815
                     65,                 1.1185,                0.83519,                 1.1808,                0.88563,                   0.96,                0.95556,                0.52157,                 1.5318,                 1.0192,                 1.3775,               0.006832,               0.006832,               0.006832
                     66,                 1.0766,                0.81087,                 1.1515,                0.95831,                0.91942,                0.97459,                0.62046,                 1.3178,                0.95509,                 1.2396,              0.0067825,              0.0067825,              0.0067825
                     67,                 1.2533,                0.90758,                 1.2719,                 0.8564,                   0.96,                0.88508,                 0.4823,                 1.5176,                0.94523,                 1.3374,               0.006733,               0.006733,               0.006733
                     68,                 1.0691,                0.79827,                 1.1424,                0.81966,                   0.92,                0.86959,                0.48943,                 1.5307,                 1.0026,                 1.3093,              0.0066835,              0.0066835,              0.0066835
                     69,                 1.1072,                0.79111,                 1.1881,                0.85227,                   0.92,                0.86851,                0.44737,                 1.6416,                0.96776,                 1.4572,               0.006634,               0.006634,               0.006634
                     70,                 1.1108,                0.90506,                 1.1925,                0.90879,                   0.88,                 0.8921,                0.53714,                 1.4082,                0.97042,                 1.2908,              0.0065845,              0.0065845,              0.0065845
                     71,                0.96581,                0.75712,                 1.1113,                0.85688,                0.95805,                0.88786,                0.45222,                 1.5561,                 1.0231,                 1.4338,               0.006535,               0.006535,               0.006535
                     72,                  1.032,                 0.7946,                 1.1767,                 0.8298,                      1,                  0.876,                0.48999,                 1.5346,                0.91901,                 1.4536,              0.0064855,              0.0064855,              0.0064855
                     73,                 1.0391,                0.75216,                 1.1467,                0.85598,                0.95119,                0.90437,                0.54117,                 1.3813,                0.87454,                 1.3514,               0.006436,               0.006436,               0.006436
                     74,                 1.1389,                0.79908,                  1.245,                0.85176,                0.91934,                0.87961,                0.48236,                 1.4678,                0.98264,                 1.3735,              0.0063865,              0.0063865,              0.0063865
                     75,                 1.1805,                0.74407,                 1.2194,                0.85673,                0.95689,                0.88595,                0.51234,                 1.5001,                0.88119,                 1.3902,               0.006337,               0.006337,               0.006337
                     76,                 1.0423,                0.75731,                 1.1709,                0.90916,                   0.88,                0.86755,                0.47646,                 1.5307,                 1.0158,                 1.4281,              0.0062875,              0.0062875,              0.0062875
                     77,                 1.0648,                0.74857,                 1.1261,                0.82651,                0.95299,                0.88959,                0.54349,                 1.4257,                 0.8923,                 1.3436,               0.006238,               0.006238,               0.006238
                     78,                 1.0128,                 0.7407,                 1.1428,                0.90471,                   0.88,                0.88204,                0.54211,                  1.395,                0.97376,                 1.3602,              0.0061885,              0.0061885,              0.0061885
                     79,                 1.0044,                0.74232,                 1.1207,                0.87225,                   0.88,                0.88966,                0.52259,                 1.5014,                0.98444,                 1.4107,               0.006139,               0.006139,               0.006139
                     80,                0.97088,                0.70964,                  1.109,                0.91167,                   0.88,                 0.9241,                0.62026,                  1.286,                  0.867,                 1.2693,              0.0060895,              0.0060895,              0.0060895
                     81,                 1.0223,                0.71953,                 1.1394,                0.91635,                0.87647,                0.89633,                0.56994,                 1.3543,                0.86974,                 1.2897,                0.00604,                0.00604,                0.00604
                     82,                 1.0628,                0.72344,                 1.1517,                0.91642,                0.87733,                0.90842,                0.56978,                 1.4537,                0.88239,                 1.3451,              0.0059905,              0.0059905,              0.0059905
                     83,                 1.0527,                0.75524,                 1.1395,                0.91607,                   0.96,                0.95404,                0.59953,                 1.4265,                0.84087,                 1.3442,               0.005941,               0.005941,               0.005941
                     84,                 1.0491,                0.71647,                 1.1371,                 0.9599,                0.95754,                0.96303,                0.57448,                 1.4453,                0.79583,                 1.3551,              0.0058915,              0.0058915,              0.0058915
                     85,                 1.0399,                0.72232,                 1.1901,                0.95484,                   0.96,                0.97321,                0.59081,                 1.5002,                0.78377,                 1.3873,               0.005842,               0.005842,               0.005842
                     86,                0.99195,                0.72896,                 1.1207,                0.95579,                   0.92,                0.97703,                0.59194,                 1.5276,                0.84635,                 1.4171,              0.0057925,              0.0057925,              0.0057925
                     87,                0.95388,                0.68825,                 1.0774,                0.92234,                   0.96,                0.97298,                0.56234,                 1.5313,                0.81765,                 1.4682,               0.005743,               0.005743,               0.005743
                     88,                0.98575,                0.72363,                 1.1074,                 0.9552,                   0.96,                0.99044,                0.59693,                 1.4809,                0.73203,                 1.3839,              0.0056935,              0.0056935,              0.0056935
                     89,                0.95688,                0.70399,                 1.0926,                0.96319,                   0.96,                0.99204,                0.60116,                   1.46,                0.73137,                 1.4002,               0.005644,               0.005644,               0.005644
                     90,                 1.0414,                0.71636,                 1.1364,                0.92561,                 0.9956,                0.99044,                0.58071,                 1.5107,                0.74035,                 1.4624,              0.0055945,              0.0055945,              0.0055945
                     91,                 1.0119,                0.72476,                 1.1399,                0.92273,                0.95545,                0.96665,                0.52173,                 1.7099,                0.87396,                 1.5657,               0.005545,               0.005545,               0.005545
                     92,                 1.0146,                0.71778,                 1.1389,                0.92285,                0.95704,                0.95051,                0.50844,                 1.6608,                0.81522,                 1.5375,              0.0054955,              0.0054955,              0.0054955
                     93,                 1.0053,                0.72019,                 1.1514,                0.94968,                   0.92,                0.94605,                0.51179,                 1.6514,                0.78397,                 1.5208,               0.005446,               0.005446,               0.005446
                     94,                 1.0084,                0.70959,                 1.1007,                0.92233,                0.95025,                0.94057,                0.55528,                 1.5583,                0.81332,                 1.4808,              0.0053965,              0.0053965,              0.0053965
                     95,                0.95236,                 0.6658,                 1.0881,                0.85265,                   0.96,                0.91833,                0.47023,                 1.7007,                 0.9097,                 1.5861,               0.005347,               0.005347,               0.005347
                     96,                0.95613,                0.65927,                 1.1026,                0.90954,                   0.92,                0.92862,                0.44741,                 1.7836,                0.92866,                 1.6481,              0.0052975,              0.0052975,              0.0052975
                     97,                0.98269,                 0.6611,                 1.1171,                0.91577,                   0.92,                0.88885,                0.43028,                    1.7,                0.89254,                 1.5723,               0.005248,               0.005248,               0.005248
                     98,                0.97667,                0.71978,                 1.1136,                0.85502,                   0.96,                0.88189,                0.41758,                 1.7435,                0.91435,                 1.5982,              0.0051985,              0.0051985,              0.0051985
                     99,                 1.0275,                0.72346,                 1.1345,                0.91267,                   0.88,                0.88565,                0.44713,                 1.6295,                0.83992,                 1.5075,               0.005149,               0.005149,               0.005149
                    100,                0.96596,                0.69253,                 1.1239,                0.88758,                0.94774,                0.87547,                0.47499,                 1.5474,                0.88934,                 1.4567,              0.0050995,              0.0050995,              0.0050995
                    101,                0.92494,                0.67673,                 1.1003,                0.91932,                 0.9118,                0.86815,                 0.3962,                 1.7785,                0.91811,                 1.6252,                0.00505,                0.00505,                0.00505
                    102,                0.94542,                 0.6943,                 1.0922,                  0.884,                0.91466,                0.86778,                0.44138,                  1.618,                0.87325,                 1.4839,              0.0050005,              0.0050005,              0.0050005
